claim_record_id,line_number,revenue_code,service_code,service_code_system,modifier_codes,service_date_start,service_date_end,quantity,allowed_units,adjustment_reason_codes,adjustment_reason_system,note_numbers,submitted_amount,eligible_amount,deductible_amount,copay_amount,benefit_amount,coinsurance_amount,noncovered_amount,paid_to_provider_amount,paid_to_patient_amount,paid_by_patient_amount,paid_by_patient_cash_amount,paid_by_patient_other_amount,member_liability_amount,discount_amount,prior_payer_paid_amount,drug_cost_amount
CLM-OP-0001,1,0450,99285,,,2026-04-02,,1,1,,,1,1200.00,400.00,0.00,100.00,300.00,0.00,0.00,300.00,,100.00,,,100.00,800.00,,
CLM-OP-0001,2,0300,80053,,,2026-04-02,,1,1,,,,180.00,60.00,0.00,0.00,60.00,0.00,0.00,60.00,,0.00,,,0.00,120.00,,
CLM-OP-0001,3,0320,71046,,,2026-04-02,,1,1,,,,250.00,90.00,0.00,0.00,72.00,18.00,0.00,72.00,,18.00,,,18.00,160.00,,
CLM-OP-0002,1,0420,97110,,GP,2026-05-04,,3,3,,,1,,,,,,,,,,,,,,,,
CLM-OP-0002,2,0420,97110,,GP,2026-05-11,,3,3,,,,,,,,,,,,,,,,,,,
CLM-OP-0002,3,0420,97110,,GP,2026-05-18,,2,2,,,,,,,,,,,,,,,,,,,
CLM-OP-0003,1,0450,99285,,,2026-04-02,,1,0,18,,1,,,,,,,,,,,,,,,,
CLM-OP-0003,2,0300,80053,,,2026-04-02,,1,0,18,,,,,,,,,,,,,,,,,,
CLM-OP-0003,3,0320,71046,,,2026-04-02,,1,0,18,,,,,,,,,,,,,,,,,,
